{
  "3_4": {
    "dist": [
      -0.3235359422754753,
      0.15888279230789976,
      0.0041211133728284366,
      -0.0003787214091241028,
      -0.020104426682760117
    ],
    "t": [
      0.7285878480270651,
      -2.1491986414161346,
      11.986316595160798
    ],
    "R": [
      [
        -0.9247024951576366,
        -0.3801509766173834,
        -0.020261550436510872
      ],
      [
        -0.12896208904934658,
        0.3628829180832841,
        -0.9228676868063966
      ],
      [
        0.35818162297536965,
        -0.8507650808185598,
        -0.3845838039004241
      ]
    ],
    "K": [
      [
        885.0680031526829,
        0.0,
        705.8667360362626
      ],
      [
        0.0,
        891.3801564182019,
        504.55300411847173
      ],
      [
        0.0,
        0.0,
        1.0
      ]
    ]
  },
  "6_5": {
    "dist": [
      -0.25373824327076194,
      0.07548259476437387,
      -0.00016507848493386214,
      4.1099937897647344e-05,
      -0.010316635616207706
    ],
    "t": [
      -1.1439915055571674,
      -0.08984331288684189,
      10.074494580299007
    ],
    "R": [
      [
        -0.869017308939229,
        0.4925035625981037,
        0.04742528431328985
      ],
      [
        0.10243753970532299,
        0.27286349088480594,
        -0.9565835383286071
      ],
      [
        -0.4840614291834677,
        -0.8264295228090133,
        -0.2875739498051339
      ]
    ],
    "K": [
      [
        882.675699792564,
        0.0,
        826.4909486987343
      ],
      [
        0.0,
        872.9886836503741,
        405.41438721731464
      ],
      [
        0.0,
        0.0,
        1.0
      ]
    ]
  },
  "6_1": {
    "dist": [
      -0.2926362378045906,
      0.1326465266897084,
      9.988650856507571e-05,
      3.39797498734315e-05,
      -0.013593944600042271
    ],
    "t": [
      1.9714523413240714,
      1.2712070878969526,
      17.487920934879075
    ],
    "R": [
      [
        0.008212795546536755,
        0.9984553322031462,
        0.05494997347057008
      ],
      [
        0.9545060639732889,
        0.00855292201469858,
        -0.29806881984406014
      ],
      [
        -0.29807838537460424,
        0.054898061169007195,
        -0.9529614257945349
      ]
    ],
    "K": [
      [
        860.8414257145583,
        0.0,
        644.1777294271636
      ],
      [
        0.0,
        853.5254713250285,
        308.5844057641494
      ],
      [
        0.0,
        0.0,
        1.0
      ]
    ]
  },
  "6_3": {
    "dist": [
      -0.2815578042684784,
      0.10857117261972789,
      0.00043786048250362433,
      -0.0010518699759031191,
      -0.006876371334107199
    ],
    "t": [
      0.3379770949182528,
      -1.0621922785541038,
      15.58656632881178
    ],
    "R": [
      [
        0.9770879991157133,
        0.21182864441157917,
        -0.020680120667090962
      ],
      [
        0.06629763217902165,
        -0.3952500902079971,
        -0.9161779249458182
      ],
      [
        -0.20224654744026582,
        0.8938154124858912,
        -0.40023785734381645
      ]
    ],
    "K": [
      [
        1712.081968428413,
        0.0,
        959.9985064165047
      ],
      [
        0.0,
        1698.532919527916,
        473.5614546184142
      ],
      [
        0.0,
        0.0,
        1.0
      ]
    ]
  },
  "3_2": {
    "dist": [
      -0.3274754266063628,
      0.1405339026913473,
      0.0007346126426206539,
      0.0010759481127429378,
      -0.027081252836632902
    ],
    "t": [
      2.0008056512840264,
      0.2555783964908116,
      7.816510765782716
    ],
    "R": [
      [
        0.322899789377195,
        0.9463842564608165,
        0.009621078072196872
      ],
      [
        0.21259461762219156,
        -0.06262248979740859,
        -0.9751317615223327
      ],
      [
        -0.9222468512162227,
        0.316915229824446,
        -0.22141698789180797
      ]
    ],
    "K": [
      [
        868.0878404154286,
        0.0,
        976.8145723322335
      ],
      [
        0.0,
        864.6517431777954,
        387.22218521318456
      ],
      [
        0.0,
        0.0,
        1.0
      ]
    ]
  },
  "6_4": {
    "dist": [
      -0.2743389008705272,
      0.10715986442694579,
      0.0005379485200800152,
      -0.00032142693327183355,
      -0.006711051310145895
    ],
    "t": [
      0.6786248506799888,
      -2.2656559768734503,
      15.238000374606798
    ],
    "R": [
      [
        0.9933150764053595,
        -0.11286382052057384,
        0.02422636999871758
      ],
      [
        -0.032684553162611346,
        -0.4762692937521888,
        -0.8786918002424695
      ],
      [
        0.11071078976493476,
        0.8720259846164515,
        -0.4767743734549218
      ]
    ],
    "K": [
      [
        1693.5313572374057,
        0.0,
        1064.20243017963
      ],
      [
        0.0,
        1675.8094342500096,
        710.6249853396963
      ],
      [
        0.0,
        0.0,
        1.0
      ]
    ]
  },
  "6_5_1": {
    "R": [
      [
        -0.9988428471688133,
        -0.007988057806195308,
        0.047425284313154736
      ],
      [
        -0.04771823375654122,
        0.28752548472391004,
        -0.9565835383286901
      ],
      [
        -0.005994733259684654,
        -0.957739675781872,
        -0.2875739498048805
      ]
    ],
    "t": [
      -1.1439915055573155,
      -0.08984331288685565,
      10.074494580300282
    ],
    "K": [
      [
        882.675699792564,
        0.0,
        826.4909486987343
      ],
      [
        0.0,
        872.9886836503741,
        405.41438721731464
      ],
      [
        0.0,
        0.0,
        1.0
      ]
    ],
    "dist": [
      -0.25373824327076194,
      0.07548259476437387,
      -0.00016507848493386214,
      4.1099937897647344e-05,
      -0.010316635616207706
    ]
  },
  "6_4_1": {
    "R": [
      [
        0.9166680003900171,
        0.39891460246226507,
        0.02422636999927752
      ],
      [
        0.20982899352490866,
        -0.42880358401138285,
        -0.8786918002435877
      ],
      [
        -0.34013463589774673,
        0.8105520503221038,
        -0.47677437345283286
      ]
    ],
    "t": [
      0.6786248506786774,
      -2.265655976869073,
      15.238000374579746
    ],
    "K": [
      [
        1693.5313572374057,
        0.0,
        1064.20243017963
      ],
      [
        0.0,
        1675.8094342500096,
        710.6249853396963
      ],
      [
        0.0,
        0.0,
        1.0
      ]
    ],
    "dist": [
      -0.2743389008705272,
      0.10715986442694579,
      0.0005379485200800152,
      -0.00032142693327183355,
      -0.006711051310145895
    ]
  },
  "6_3_1": {
    "R": [
      [
        0.7402687067613328,
        0.6719929868674956,
        -0.020680120667087853
      ],
      [
        0.2550404787817775,
        -0.30914780287869714,
        -0.9161779249458241
      ],
      [
        -0.6220583541539051,
        0.6729435797867277,
        -0.4002378573438035
      ]
    ],
    "t": [
      0.3379770949182528,
      -1.0621922785541038,
      15.586566328811784
    ],
    "K": [
      [
        1712.081968428413,
        0.0,
        959.9985064165047
      ],
      [
        0.0,
        1698.532919527916,
        473.5614546184142
      ],
      [
        0.0,
        0.0,
        1.0
      ]
    ],
    "dist": [
      -0.2815578042684784,
      0.10857117261972789,
      0.00043786048250362433,
      -0.0010518699759031191,
      -0.006876371334107199
    ]
  },
  "6_1_1": {
    "R": [
      [
        -0.4921151765219573,
        0.8687940800053207,
        0.0549499734710686
      ],
      [
        0.8223500384600182,
        0.484660079727944,
        -0.29806881984352107
      ],
      [
        -0.2855924846377601,
        -0.10149607709567562,
        -0.9529614257946747
      ]
    ],
    "t": [
      1.9714523413272766,
      1.2712070878990207,
      17.48792093490581
    ],