{
  "cam0": {
    "R": [
      [
        0.9967255716579241,
        -0.06831454059873687,
        -0.04325804371406484
      ],
      [
        0.06994970013375734,
        0.9968459354270276,
        0.037486270470823306
      ],
      [
        0.040560747704915905,
        -0.04038941155052674,
        0.9983604164730392
      ]
    ],
    "t": [
      0.10940730108196633,
      -0.06552840733319869,
      -0.1471666325108476
    ],
    "K": [
      [
        1669.3143047483507,
        0.0,
        925.1435355418869
      ],
      [
        0.0,
        1520.2104909321913,
        526.1309129320538
      ],
      [
        0.0,
        0.0,
        1.0
      ]
    ],
    "dist": [
      0.12527699060669514,
      -0.5676868008208942,
      -0.0002507926590305093,
      -0.0008089356608043342,
      0.589110032081167
    ]
  },
  "cam1": {
    "R": [
      [
        0.8383434153601257,
        -0.46156057275450413,
        0.29007267296464495
      ],
      [
        0.4876408291912143,
        0.8728025959866226,
        -0.020543859051242147
      ],
      [
        -0.24369394663804161,
        0.1586740877318868,
        0.9567840896745874
      ]
    ],
    "t": [
      -0.9715236490004969,
      -0.012337913308084246,
      0.48562866394999826
    ],
    "K": [
      [
        1682.6693791946009,
        0.0,
        778.124328727672
      ],
      [
        0.0,
        1693.6789108028925,
        472.7517667075
      ],
      [
        0.0,
        0.0,
        1.0
      ]
    ],
    "dist": [
      0.18280916372437625,
      -0.6499163306236799,
      -0.00025079265914234027,
      -0.0008089356590793174,
      0.5891100320806791
    ]
  },
  "cam2": {
    "R": [
      [
        -0.1858576662801858,
        0.8986338182993515,
        -0.3973841824904599
      ],
      [
        -0.7917222547466357,
        0.10255724373841255,
        0.6022108294407228
      ],
      [
        0.5819216435430001,
        0.4265434003305032,
        0.6924073428341916
      ]
    ],
    "t": [
      3.152545715727163,
      -2.30090898155813,
      1.0094769226800702
    ],
    "K": [
      [
        1384.734001071441,
        0.0,
        875.8758556334914
      ],
      [
        0.0,
        1631.2453694659173,
        513.205861782857
      ],
      [
        0.0,
        0.0,
        1.0
      ]
    ],
    "dist": [
      0.14073893289689013,
      -0.4549004708187587,
      -0.00025079265898886294,
      -0.0008089356609888651,
      0.5891100320825714
    ]
  }
}